polymer_id,end_to_end_md,Rg_md,density_md
698ddceeb7014ee539b3ac30,22.44,9.06,882.43
698ddceeb7014ee539b3ac4a,11.98,6.69,883.2
698ddceeb7014ee539b3ac16,16.65,7.03,941.04
698ddceeb7014ee539b3abf5,16.71,8.12,862.33
698ddceeb7014ee539b3acce,16.06,7.72,1132.26
698ddceeb7014ee539b3acdb,16.29,7.36,1059.13
698ddceeb7014ee539b3ac84,15.62,7.05,932.01
698ddceeb7014ee539b3ac47,18.49,7.2,1016.65
698ddceeb7014ee539b3aca1,18.44,8.38,1522.51
698ddceeb7014ee539b3accb,16.23,7.24,947.87
698ddceeb7014ee539b3aceb,26.0,10.76,977.21
698ddceeb7014ee539b3ac98,19.33,8.08,1228.32
698ddceeb7014ee539b3ac29,22.39,10.17,1677.16
698ddceeb7014ee539b3ac31,18.63,7.29,915.82
698ddceeb7014ee539b3acaa,17.68,7.95,1135.89
698ddceeb7014ee539b3ac09,28.56,11.43,1009.87
698ddceeb7014ee539b3ac81,19.27,7.5,1034.19
698ddceeb7014ee539b3ac42,22.89,8.6,1134.34
698ddceeb7014ee539b3ac01,17.06,7.43,946.96
698ddceeb7014ee539b3acbd,15.42,6.98,919.64
698ddceeb7014ee539b3ac08,19.06,7.42,972.87
698ddceeb7014ee539b3ac6a,14.54,6.78,899.8
698ddceeb7014ee539b3ac88,18.41,7.08,1030.96
698ddceeb7014ee539b3ac03,18.74,8.01,1066.89
698ddceeb7014ee539b3aca0,17.7,7.49,1130.11
698ddceeb7014ee539b3ac04,19.34,8.14,843.76
698ddceeb7014ee539b3acb5,19.73,8.37,1314.55
698ddceeb7014ee539b3acb7,18.73,8.35,1277.77
698ddceeb7014ee539b3ac7c,21.71,8.53,1133.63
698ddceeb7014ee539b3ac0e,28.14,11.0,1046.66
698ddceeb7014ee539b3ac1c,15.4,6.76,953.48
698ddceeb7014ee539b3ac52,16.18,6.86,951.91
698ddceeb7014ee539b3abeb,12.09,7.23,930.79
698ddceeb7014ee539b3abff,15.54,6.83,870.76
698ddceeb7014ee539b3abfe,27.19,11.36,1098.71
698ddceeb7014ee539b3ac3a,15.6,6.65,968.47
698ddceeb7014ee539b3aca2,18.38,8.06,1115.05
698ddceeb7014ee539b3ac7e,23.18,9.85,1180.0
698ddceeb7014ee539b3acc0,20.03,8.51,1314.03
698ddceeb7014ee539b3acd8,16.8,7.58,1059.53
698ddceeb7014ee539b3abf6,20.48,8.1,851.1
698ddceeb7014ee539b3ac58,17.48,7.04,986.1
698ddceeb7014ee539b3ac64,18.12,6.97,983.06
698ddceeb7014ee539b3ac1a,28.57,10.7,1189.1
698ddceeb7014ee539b3abfd,22.7,9.29,990.43
698ddceeb7014ee539b3ac24,15.19,6.87,901.15
698ddceeb7014ee539b3ac63,15.75,7.52,983.15
698ddceeb7014ee539b3ac78,17.47,7.37,1112.75
698ddceeb7014ee539b3ac7f,17.63,9.19,1134.88
698ddceeb7014ee539b3ac19,22.9,9.1,835.99
698ddceeb7014ee539b3ac36,20.27,7.71,1046.99
698ddceeb7014ee539b3ac2f,17.04,7.13,967.7
698ddceeb7014ee539b3ac72,18.2,7.46,999.96
698ddceeb7014ee539b3ac1d,15.69,6.77,823.56
698ddceeb7014ee539b3ac22,18.81,7.21,892.79
698ddceeb7014ee539b3ac23,20.51,7.88,1096.42
698ddceeb7014ee539b3ac4f,15.12,7.72,1139.3
698ddceeb7014ee539b3ac82,19.11,7.47,1174.46
698ddceeb7014ee539b3ac0a,16.99,8.24,913.37
698ddceeb7014ee539b3ac6f,16.93,7.49,1010.6
698ddceeb7014ee539b3ac99,16.75,7.07,964.74
698ddceeb7014ee539b3ac9a,14.81,7.07,938.4
698ddceeb7014ee539b3ac10,18.13,7.19,891.36
698ddceeb7014ee539b3ac20,26.46,11.35,1076.05
698ddceeb7014ee539b3ac07,18.18,7.95,939.89
698ddceeb7014ee539b3ac0d,16.43,6.87,818.58
698ddceeb7014ee539b3ac39,19.63,7.65,1085.6
698ddceeb7014ee539b3ac6b,15.66,7.1,1001.83
698ddceeb7014ee539b3ac87,14.64,6.7,870.69
698ddceeb7014ee539b3abec,31.2,12.05,957.7
698ddceeb7014ee539b3ac21,19.4,7.55,1015.33
698ddceeb7014ee539b3ac59,16.95,7.03,818.24
698ddceeb7014ee539b3aca6,17.18,7.56,1074.59
698ddceeb7014ee539b3ac12,17.63,7.01,817.29
698ddceeb7014ee539b3abfb,31.44,12.44,914.64
698ddceeb7014ee539b3ac46,16.47,6.78,953.48
698ddceeb7014ee539b3ac94,18.63,7.64,1005.22
698ddceeb7014ee539b3aca8,20.15,7.21,953.89
698ddceeb7014ee539b3ac3e,19.0,7.51,1108.47
698ddceeb7014ee539b3ac60,16.71,6.97,992.73
698ddceeb7014ee539b3ac75,13.47,6.49,887.42
698ddceeb7014ee539b3ac97,18.23,7.38,977.26
698ddceeb7014ee539b3abfa,30.44,12.33,892.81
698ddceeb7014ee539b3ac3d,18.75,7.18,997.25
698ddceeb7014ee539b3ac3b,9.2,6.58,959.44
698ddceeb7014ee539b3ac8b,19.84,8.26,1183.93
698ddceeb7014ee539b3ac15,19.17,7.5,831.46
698ddceeb7014ee539b3ac1b,33.56,13.48,1488.52
698ddceeb7014ee539b3ac8e,18.41,8.03,1241.18
698ddceeb7014ee539b3ac2a,16.8,6.99,994.81
698ddceeb7014ee539b3ac9b,15.46,6.63,1004.97
698ddceeb7014ee539b3ac9e,21.56,8.18,1077.71
698ddceeb7014ee539b3ac86,21.58,7.86,1056.96
698ddceeb7014ee539b3ac5d,20.21,7.74,1040.48
698ddceeb7014ee539b3ac32,24.99,9.29,1112.46
698ddceeb7014ee539b3ac43,16.52,6.87,821.41
698ddceeb7014ee539b3ac44,24.47,9.65,1219.6
698ddceeb7014ee539b3ac4e,18.49,7.2,993.11
698ddceeb7014ee539b3aca5,16.53,7.18,955.61
698ddceeb7014ee539b3ac2b,16.11,6.85,820.45
698ddceeb7014ee539b3ac57,17.13,7.54,995.37
698ddceeb7014ee539b3acb6,19.56,7.41,939.81
698ddceeb7014ee539b3acc3,18.01,7.38,985.59
698ddceeb7014ee539b3ac25,16.25,7.36,944.39
698ddceeb7014ee539b3acb2,17.5,7.65,1185.02
698ddceeb7014ee539b3ac38,25.23,9.58,1163.45
698ddceeb7014ee539b3ac85,22.06,10.18,1216.51
698ddceeb7014ee539b3ac62,17.56,7.05,972.68
698ddceeb7014ee539b3ac33,24.46,10.24,1290.17
698ddceeb7014ee539b3ac77,28.83,12.08,1349.83
698ddceeb7014ee539b3ac80,15.62,7.11,925.21
698ddceeb7014ee539b3abf0,13.53,7.18,956.21
698ddceeb7014ee539b3abf2,34.52,14.19,990.59
698ddceeb7014ee539b3ac95,27.09,10.92,1104.89
698ddceeb7014ee539b3acc2,16.66,7.09,976.01
698ddceeb7014ee539b3abfc,28.08,11.66,1117.81
698ddceeb7014ee539b3ac76,14.26,6.49,905.81
698ddceeb7014ee539b3abf1,35.79,13.68,825.34
698ddceeb7014ee539b3ac53,15.32,7.94,1071.37
698ddceeb7014ee539b3ac83,14.61,6.54,911.03
698ddceeb7014ee539b3ac11,17.47,7.12,819.52
698ddceeb7014ee539b3abef,17.61,7.73,872.46
698ddceeb7014ee539b3ac02,16.71,7.09,880.03
698ddceeb7014ee539b3ac06,30.19,12.15,1072.28
698ddceeb7014ee539b3ac0c,18.56,7.29,1018.42
698ddceeb7014ee539b3ac18,19.43,7.48,1051.8
698ddceeb7014ee539b3aca7,21.79,9.66,1213.26
698ddceeb7014ee539b3ac26,18.55,7.35,1013.33
698ddceeb7014ee539b3ac05,17.04,7.36,961.3
698ddceeb7014ee539b3acef,22.52,8.84,1009.28
698ddceeb7014ee539b3aca3,19.76,8.57,1334.76
698ddceeb7014ee539b3ac17,26.28,10.6,1093.04
698ddceeb7014ee539b3ac2d,23.31,9.87,1296.98
698ddceeb7014ee539b3ac92,15.33,7.1,972.01
698ddceeb7014ee539b3aca4,17.9,6.97,952.66
698ddceeb7014ee539b3ac37,11.22,7.25,934.08
698ddceeb7014ee539b3acbc,18.32,8.64,1322.83
698ddceeb7014ee539b3acc7,14.69,7.74,1038.1
698ddceeb7014ee539b3ac00,19.47,7.48,883.51
698ddceeb7014ee539b3ac27,21.04,7.93,926.79
698ddceeb7014ee539b3acae,18.5,8.32,1179.45
