polymer_id,Rg_md_350,density_md_350,end_to_end_md_350
698ddceeb7014ee539b3abf1,14.96,801.02,40.11
698ddceeb7014ee539b3ac1a,10.95,1159.04,27.41
698ddceeb7014ee539b3ac3e,7.39,1089.67,18.24
698ddceeb7014ee539b3ac60,7.04,983.24,17.77
698ddceeb7014ee539b3ac62,6.95,955.2,16.96
698ddceeb7014ee539b3ac75,6.5,871.13,13.46
698ddceeb7014ee539b3ac8e,8.05,1225.0,19.09
698ddceeb7014ee539b3ac97,7.4,953.61,18.18
698ddceeb7014ee539b3acef,8.97,967.26,22.89
698ddceeb7014ee539b3ac03,7.89,1042.13,18.04
698ddceeb7014ee539b3ac25,7.51,919.57,17.2
698ddceeb7014ee539b3ac29,10.78,1660.24,22.51
698ddceeb7014ee539b3ac33,10.27,1268.64,26.11
698ddceeb7014ee539b3ac77,12.4,1342.36,29.32
698ddceeb7014ee539b3ac80,7.11,910.39,15.54
698ddceeb7014ee539b3abfa,13.1,865.05,30.85
698ddceeb7014ee539b3ac2a,6.98,966.45,16.16
698ddceeb7014ee539b3ac53,7.95,1165.74,16.15
698ddceeb7014ee539b3ac84,7.01,917.81,15.35
698ddceeb7014ee539b3ac9b,6.63,994.37,14.51
698ddceeb7014ee539b3aca0,7.63,1112.01,18.18
698ddceeb7014ee539b3aca3,8.73,1330.69,20.23
698ddceeb7014ee539b3ac31,7.22,889.59,18.05
698ddceeb7014ee539b3abfe,11.39,1065.49,28.39
698ddceeb7014ee539b3ac17,10.98,1063.77,27.23
698ddceeb7014ee539b3ac20,11.92,1045.49,29.01
698ddceeb7014ee539b3ac2d,9.76,1281.69,22.9
698ddceeb7014ee539b3ac30,9.32,854.73,23.25
698ddceeb7014ee539b3ac3d,7.21,977.08,17.91
698ddceeb7014ee539b3ac4a,6.72,866.94,12.46
698ddceeb7014ee539b3ac92,7.18,961.57,16.62
698ddceeb7014ee539b3aca4,7.0,946.44,18.71
698ddceeb7014ee539b3ac04,8.22,822.35,20.08
698ddceeb7014ee539b3ac07,7.85,907.67,18.28
698ddceeb7014ee539b3ac0d,7.01,791.16,16.87
698ddceeb7014ee539b3ac16,7.02,915.28,16.37
698ddceeb7014ee539b3ac32,9.29,1092.9,24.67
698ddceeb7014ee539b3ac39,7.6,1060.73,18.8
698ddceeb7014ee539b3ac6b,7.12,986.2,15.42
698ddceeb7014ee539b3ac9e,8.15,1077.69,20.95
698ddceeb7014ee539b3acaa,7.91,1120.25,17.67
698ddceeb7014ee539b3acb5,8.41,1316.52,19.21
698ddceeb7014ee539b3acb7,8.42,1262.95,17.84
698ddceeb7014ee539b3ac36,7.57,1014.74,19.89
698ddceeb7014ee539b3ac3b,6.68,942.13,9.24
698ddceeb7014ee539b3ac43,6.93,799.9,17.16
698ddceeb7014ee539b3ac44,9.82,1198.59,26.07
698ddceeb7014ee539b3ac4e,7.1,977.89,17.9
698ddceeb7014ee539b3ac83,6.62,897.02,15.41
698ddceeb7014ee539b3acb2,7.87,1171.23,18.71
698ddceeb7014ee539b3abf0,7.13,922.78,13.42
698ddceeb7014ee539b3abf2,13.98,968.12,34.39
698ddceeb7014ee539b3ac09,12.21,980.02,30.52
698ddceeb7014ee539b3ac11,7.18,795.61,17.35
698ddceeb7014ee539b3ac37,7.32,914.16,11.74
698ddceeb7014ee539b3ac38,9.71,1141.19,25.82
698ddceeb7014ee539b3ac47,7.32,1003.31,19.68
698ddceeb7014ee539b3ac7c,8.47,1111.56,21.36
698ddceeb7014ee539b3ac95,11.29,1097.46,26.53
698ddceeb7014ee539b3ac81,7.48,1017.48,19.12
698ddceeb7014ee539b3aca1,8.48,1499.73,19.32
698ddceeb7014ee539b3acbc,8.59,1316.85,18.07
698ddceeb7014ee539b3acc2,7.05,966.51,16.24
698ddceeb7014ee539b3acc7,7.71,1030.7,14.3
698ddceeb7014ee539b3accb,7.18,924.56,15.63
698ddceeb7014ee539b3abfb,13.36,885.1,33.37
698ddceeb7014ee539b3abfd,9.31,955.26,22.93
698ddceeb7014ee539b3ac24,6.99,877.88,16.07
698ddceeb7014ee539b3ac2f,7.1,944.17,17.08
698ddceeb7014ee539b3ac3a,6.7,946.56,15.56
698ddceeb7014ee539b3ac42,8.4,1114.6,20.75
698ddceeb7014ee539b3ac46,6.76,939.67,15.97
698ddceeb7014ee539b3ac72,7.57,990.16,18.15
698ddceeb7014ee539b3aca2,8.08,1102.71,18.89
698ddceeb7014ee539b3abfc,11.74,1086.24,29.1
698ddceeb7014ee539b3ac0e,11.17,1017.4,26.71
698ddceeb7014ee539b3ac63,7.59,965.35,15.64
698ddceeb7014ee539b3ac78,7.4,1111.26,18.41
698ddceeb7014ee539b3ac87,6.75,863.92,15.65
698ddceeb7014ee539b3aca5,7.22,939.05,17.2
698ddceeb7014ee539b3abef,7.67,837.22,16.73
698ddceeb7014ee539b3ac00,7.53,856.14,20.39
698ddceeb7014ee539b3ac02,7.15,847.02,17.25
698ddceeb7014ee539b3ac06,12.58,1040.33,30.76
698ddceeb7014ee539b3ac0c,7.31,984.42,18.08
698ddceeb7014ee539b3ac18,7.58,1020.32,19.38
698ddceeb7014ee539b3ac1c,6.82,924.8,16.15
698ddceeb7014ee539b3ac27,7.88,903.99,20.18
698ddceeb7014ee539b3ac2b,6.76,793.21,14.85
698ddceeb7014ee539b3ac57,7.56,980.72,17.73
698ddceeb7014ee539b3ac8b,8.3,1167.64,19.79
698ddceeb7014ee539b3ac94,7.48,994.55,17.04
698ddceeb7014ee539b3aca7,9.85,1211.85,23.13
698ddceeb7014ee539b3acae,8.34,1162.28,19.01
698ddceeb7014ee539b3abec,12.52,924.21,31.02
698ddceeb7014ee539b3abf5,8.2,831.9,18.09
698ddceeb7014ee539b3ac21,7.73,987.42,20.52
698ddceeb7014ee539b3ac26,7.49,983.63,19.44
698ddceeb7014ee539b3ac59,7.07,807.28,17.36
698ddceeb7014ee539b3ac7e,9.73,1177.42,23.23
698ddceeb7014ee539b3aca6,7.54,1057.39,17.43
698ddceeb7014ee539b3acc0,8.56,1309.86,20.24
698ddceeb7014ee539b3acce,7.82,1114.21,16.99
698ddceeb7014ee539b3acdb,7.46,1050.69,16.62
698ddceeb7014ee539b3ac05,7.33,929.2,16.8
698ddceeb7014ee539b3ac12,7.08,797.18,17.99
698ddceeb7014ee539b3ac1d,6.76,797.69,15.6
698ddceeb7014ee539b3ac22,7.1,865.9,18.25
698ddceeb7014ee539b3ac23,7.67,1069.53,19.35
698ddceeb7014ee539b3ac4f,7.44,1123.3,13.96
698ddceeb7014ee539b3ac7f,9.24,1138.57,19.15
698ddceeb7014ee539b3ac82,7.64,1163.8,19.4
698ddceeb7014ee539b3aca8,7.35,942.79,20.45
698ddceeb7014ee539b3acd8,7.58,1045.98,16.72
698ddceeb7014ee539b3ac0a,8.4,886.94,18.01
698ddceeb7014ee539b3ac15,7.76,810.03,20.62
698ddceeb7014ee539b3ac52,6.81,932.08,16.24
698ddceeb7014ee539b3ac6f,7.53,996.19,16.9
698ddceeb7014ee539b3ac76,6.48,885.93,14.7
698ddceeb7014ee539b3ac86,7.98,1056.95,21.47
698ddceeb7014ee539b3ac99,7.04,958.48,16.32
698ddceeb7014ee539b3ac9a,7.21,936.97,15.85
698ddceeb7014ee539b3acb6,7.42,936.77,19.57
698ddceeb7014ee539b3acc3,7.63,974.67,19.15
698ddceeb7014ee539b3aceb,10.82,988.96,26.31
698ddceeb7014ee539b3abeb,7.26,897.21,12.23
698ddceeb7014ee539b3ac01,7.58,916.31,18.27
698ddceeb7014ee539b3ac10,7.24,862.23,18.31
698ddceeb7014ee539b3ac19,9.42,810.75,24.36
698ddceeb7014ee539b3ac1b,14.58,1458.78,36.86
698ddceeb7014ee539b3ac85,10.08,1203.52,24.5
698ddceeb7014ee539b3acbd,6.95,903.57,15.58
698ddceeb7014ee539b3abf6,8.13,843.32,20.48
698ddceeb7014ee539b3abff,6.77,839.91,15.24
698ddceeb7014ee539b3ac08,7.37,941.39,18.02
698ddceeb7014ee539b3ac58,7.01,971.33,17.12
698ddceeb7014ee539b3ac5d,7.66,1029.44,19.69
698ddceeb7014ee539b3ac64,7.01,973.66,18.15
698ddceeb7014ee539b3ac6a,6.76,880.44,14.86
698ddceeb7014ee539b3ac88,7.16,1028.2,19.46
698ddceeb7014ee539b3ac98,8.19,1218.78,19.44
