polymer_id,Rg_md_350,Tg_md_350,density_md_350,end_to_end_md_350
698ddb7d903b37482cc1326b,8.19,,1116.5,19.28
698ddb7d903b37482cc13295,6.91,,911.41,13.41
698ddb7d903b37482cc13169,7.7,,834.46,18.85
698ddb7d903b37482cc132a2,7.88,,898.21,15.52
698ddb7d903b37482cc132a0,7.3,,924.16,15.91
698ddb7d903b37482cc13190,7.56,,1022.66,17.94
698ddb7d903b37482cc131cd,10.41,,797.43,17.85
698ddb7d903b37482cc1321e,7.06,,889.98,17.27
698ddb7d903b37482cc1322c,7.53,,1006.12,18.32
698ddb7d903b37482cc13244,6.56,,895.8,12.3
698ddb7d903b37482cc1329e,7.14,,1011.14,14.46
698ddb7d903b37482cc132e2,9.09,,900.66,21.24
698ddb7d903b37482cc13356,9.28,,1291.07,21.31
698ddb7d903b37482cc132a9,11.63,,847.27,21.26
698ddb7d903b37482cc1317f,6.66,,978.89,14.04
698ddb7d903b37482cc131ca,8.99,,795.62,16.85
698ddb7d903b37482cc131f3,6.22,,936.83,10.96
698ddb7d903b37482cc131f4,6.66,,947.53,13.42
698ddb7d903b37482cc13223,7.0,,846.6,16.88
698ddb7d903b37482cc131db,6.5,,940.33,12.41
698ddb7d903b37482cc131f0,6.1,,924.72,11.35
698ddb7d903b37482cc13196,9.19,,878.36,16.61
698ddb7d903b37482cc131ae,6.78,,907.35,15.26
698ddb7d903b37482cc1323b,7.86,,1063.96,18.56
698ddb7d903b37482cc13294,6.92,,903.96,14.36
698ddb7d903b37482cc132bf,7.51,,967.15,13.79
698ddb7d903b37482cc131c8,8.21,,795.73,15.67
698ddb7d903b37482cc132b7,8.28,,1094.82,18.97
698ddb7d903b37482cc13276,7.34,,956.79,16.59
698ddb7d903b37482cc13394,9.9,,1174.59,25.1
698ddb7d903b37482cc132b6,8.64,,1164.31,18.72
698ddb7d903b37482cc132d4,13.83,,1914.75,36.57
698ddb7d903b37482cc131cc,9.71,,795.26,17.89
698ddb7d903b37482cc132e6,12.09,,927.99,32.9
698ddb7d903b37482cc131c7,7.78,,794.11,15.1
698ddb7d903b37482cc1317c,9.16,,1050.01,23.09
698ddb7d903b37482cc13266,7.44,,1057.43,17.18
698ddb7d903b37482cc13197,9.73,,868.48,19.09
698ddb7d903b37482cc131a6,6.46,,818.83,17.32
698ddb7d903b37482cc13228,7.41,,879.24,17.55
698ddb7d903b37482cc13246,7.17,,937.48,16.6
698ddb7d903b37482cc1344d,11.0,,1094.63,25.36
698ddb7d903b37482cc1338a,11.82,,1153.64,27.84
698ddb7d903b37482cc13358,7.33,,897.38,10.47
698ddb7d903b37482cc132da,6.53,,885.01,15.11
698ddb7d903b37482cc131f7,6.31,,1007.99,12.5
698ddb7d903b37482cc1329a,7.47,,946.81,12.17
698ddb7d903b37482cc13224,6.75,,851.23,13.36
698ddb7d903b37482cc131dd,6.78,,942.79,13.6
698ddb7d903b37482cc13269,7.72,,1303.95,14.76
698ddb7d903b37482cc132a7,10.22,,856.56,18.72
698ddb7d903b37482cc132a3,8.49,,883.32,16.88
698ddb7d903b37482cc13235,8.26,,1504.47,18.39
698ddb7d903b37482cc13236,6.65,,924.26,13.83
698ddb7d903b37482cc132f7,13.67,,812.09,34.7
698ddb7d903b37482cc13389,12.83,,923.67,32.11
698ddb7d903b37482cc1323a,8.68,,1308.82,20.58
698ddb7d903b37482cc131cb,9.24,,793.0,17.19
698ddb7d903b37482cc131e8,9.13,,971.08,22.45
698ddb7d903b37482cc1325a,6.93,,947.25,16.2
698ddb7d903b37482cc131fd,6.85,,1012.42,13.49
698ddb7d903b37482cc13233,7.72,,1024.95,19.37
698ddb7d903b37482cc131b4,7.63,,809.84,18.75
698ddb7d903b37482cc131c9,8.51,,795.72,15.81
698ddb7d903b37482cc13220,6.65,,940.7,14.29
698ddb7d903b37482cc132d1,12.82,,800.56,31.41
698ddb7d903b37482cc13165,7.82,,1277.41,15.48
698ddb7d903b37482cc13177,6.63,,902.14,13.15
698ddb7d903b37482cc131bd,6.55,,791.78,13.11
698ddb7d903b37482cc131d4,7.17,,943.01,14.61
698ddb7d903b37482cc131f1,6.25,,937.89,11.32
698ddb7d903b37482cc13234,7.13,,950.91,16.91
698ddb7d903b37482cc1326c,9.01,,1305.97,20.24
698ddb7d903b37482cc1337d,11.55,,990.99,28.92
698ddb7d903b37482cc131e0,7.28,,952.39,17.62
698ddb7d903b37482cc13245,6.1,,876.94,11.16
698ddb7d903b37482cc132a1,7.39,,917.23,16.52
698ddb7d903b37482cc13173,7.32,,827.42,18.06
698ddb7d903b37482cc13167,8.1,,823.95,19.63
698ddb7d903b37482cc13201,7.43,,928.19,15.14
698ddb7d903b37482cc13265,7.66,,1114.65,17.32
698ddb7d903b37482cc13175,14.37,,1467.96,35.47
698ddb7d903b37482cc13225,6.59,,850.86,14.43
698ddb7d903b37482cc1318d,7.45,,988.33,18.46
698ddb7d903b37482cc13172,6.84,,938.5,11.94
698ddb7d903b37482cc131e1,7.09,,985.42,14.44
698ddb7d903b37482cc131e9,8.61,,1115.98,21.99
698ddb7d903b37482cc131ff,7.42,,978.01,13.11
698ddb7d903b37482cc1321d,6.75,,877.62,16.6
698ddb7d903b37482cc1324a,7.19,,970.05,17.18
698ddb7d903b37482cc1317a,9.1,,810.46,23.15
698ddb7d903b37482cc13270,7.17,,944.96,16.76
698ddb7d903b37482cc132a8,11.07,,853.34,20.1
698ddb7d903b37482cc133a7,11.43,,980.07,25.05
698ddb7d903b37482cc13354,10.13,,990.57,28.86
698ddb7d903b37482cc13170,7.08,,977.38,15.7
698ddb7d903b37482cc13189,8.4,,1066.59,21.57
698ddb7d903b37482cc131c6,7.56,,795.46,15.14
698ddb7d903b37482cc131ce,11.43,,797.74,21.19
698ddb7d903b37482cc13192,7.35,,941.44,16.39
698ddb7d903b37482cc131be,6.82,,803.22,13.76
698ddb7d903b37482cc132d0,8.77,,810.36,21.02
698ddb7d903b37482cc132df,11.46,,1043.41,16.23
698ddb7d903b37482cc132e5,12.02,,914.87,31.34
698ddb7d903b37482cc131a7,6.88,,798.12,16.98
698ddb7d903b37482cc13174,7.05,,804.1,16.8
698ddb7d903b37482cc13226,6.85,,843.5,13.3
698ddb7d903b37482cc1324e,7.13,,1192.36,15.63
698ddb7d903b37482cc132f2,11.28,,814.75,26.59
698ddb7d903b37482cc13378,12.66,,863.29,31.54
698ddb7d903b37482cc133d5,11.4,,1043.12,28.65
698ddb7d903b37482cc131dc,6.96,,965.92,14.5
698ddb7d903b37482cc1326a,7.26,,943.57,17.26
698ddb7d903b37482cc132ef,6.98,,1046.45,15.6
698ddb7d903b37482cc132a5,9.09,,874.16,17.74
698ddb7d903b37482cc131ac,6.33,,856.14,14.2
698ddb7d903b37482cc131c2,7.22,,864.86,12.45
698ddb7d903b37482cc13297,7.04,,902.24,13.69
698ddb7d903b37482cc131a8,7.03,,804.9,17.44
698ddb7d903b37482cc131a9,6.38,,807.15,14.42
698ddb7d903b37482cc131ba,6.92,,882.53,15.56
698ddb7d903b37482cc131fc,6.97,,1031.3,14.56
698ddb7d903b37482cc13222,8.06,,906.53,21.17
698ddb7d903b37482cc132c1,8.07,,1073.42,15.86
698ddb7d903b37482cc13364,10.81,,902.03,25.88
698ddb7d903b37482cc133a6,10.47,,1126.9,22.73
698ddb7d903b37482cc131bf,6.89,,868.76,13.6
698ddb7d903b37482cc131e7,9.39,,1185.53,21.21
698ddb7d903b37482cc13277,8.06,,1034.17,17.64
698ddb7d903b37482cc132e3,8.46,,896.88,20.51
698ddb7d903b37482cc131b6,6.77,,801.84,15.43
698ddb7d903b37482cc13249,8.07,,1214.61,17.98
698ddb7d903b37482cc132c4,7.96,,1028.79,15.47
698ddb7d903b37482cc131d5,7.47,,967.49,14.97
698ddb7d903b37482cc1317d,7.21,,931.71,19.03
698ddb7d903b37482cc131b0,6.7,,880.06,14.72
698ddb7d903b37482cc131c1,6.81,,797.22,13.67
698ddb7d903b37482cc132c0,7.65,,983.49,15.19
698ddb7d903b37482cc1317e,7.0,,955.35,16.81
698ddb7d903b37482cc13195,8.52,,884.96,17.21
698ddb7d903b37482cc1335f,10.8,,1108.43,25.15
698ddb7d903b37482cc13180,8.14,,1327.26,17.46
698ddb7d903b37482cc13181,9.11,,1143.95,22.94
698ddb7d903b37482cc13203,8.58,,893.45,17.07
698ddb7d903b37482cc13247,7.34,,1061.22,17.62
698ddb7d903b37482cc132bb,7.76,,1052.17,18.55
698ddb7d903b37482cc13178,7.32,,935.18,16.74
698ddb7d903b37482cc13199,10.72,,850.83,22.32
698ddb7d903b37482cc13274,7.58,,1051.75,15.95
698ddb7d903b37482cc132cf,9.75,,807.12,24.87
698ddb7d903b37482cc132a4,8.93,,876.34,17.38
698ddb7d903b37482cc132a6,9.74,,863.82,18.7
698ddb7d903b37482cc1326e,7.15,,933.46,16.41
698ddb7d903b37482cc13299,7.36,,960.87,13.59
698ddb7d903b37482cc13186,7.03,,978.58,16.68
698ddb7d903b37482cc131c0,7.22,,795.71,17.04
698ddb7d903b37482cc13221,9.78,,1203.87,23.61
698ddb7d903b37482cc13239,7.97,,1117.05,17.72
698ddb7d903b37482cc132f6,13.1,,813.05,32.85
698ddb7d903b37482cc132f5,14.04,,819.44,35.79
698ddb7d903b37482cc1323c,6.65,,921.4,13.94
698ddb7d903b37482cc13232,8.96,,1098.49,22.21
698ddb7d903b37482cc13248,8.29,,1300.15,18.56
698ddb7d903b37482cc132ce,8.64,,812.65,21.29
698ddb7d903b37482cc13191,7.36,,982.67,17.82
698ddb7d903b37482cc13229,9.09,,829.67,16.81
698ddb7d903b37482cc132e1,10.73,,1022.55,7.62
698ddb7d903b37482cc131aa,7.07,,963.7,15.89
698ddb7d903b37482cc13296,7.06,,990.19,13.29
698ddb7d903b37482cc132d9,6.59,,862.38,14.14
698ddb7d903b37482cc132ee,6.91,,1088.7,13.86
698ddb7d903b37482cc131ee,6.25,,935.62,11.2
698ddb7d903b37482cc132bd,7.5,,1015.86,17.38
698ddb7d903b37482cc1338e,14.26,,965.52,36.88
698ddb7d903b37482cc13272,7.98,,1105.9,18.11
698ddb7d903b37482cc1316b,8.25,,1010.17,20.96
698ddb7d903b37482cc131c4,7.16,,794.0,15.77
698ddb7d903b37482cc131cf,7.97,,878.98,14.38
698ddb7d903b37482cc13268,7.21,,1053.65,15.81
698ddb7d903b37482cc131d3,6.91,,951.67,13.14
698ddb7d903b37482cc13179,7.54,,968.42,18.67
698ddb7d903b37482cc1322b,8.58,,1184.32,20.09
698ddb7d903b37482cc1316d,7.96,,1081.14,19.19
698ddb7d903b37482cc1316f,7.8,,1025.39,19.91
698ddb7d903b37482cc131b1,6.51,,891.1,14.64
698ddb7d903b37482cc13353,10.89,,1117.17,27.32
698ddb7d903b37482cc131b5,6.42,,797.11,15.19
698ddb7d903b37482cc131b7,6.32,,805.31,13.91
698ddb7d903b37482cc131f9,6.64,,1032.47,12.61
698ddb7d903b37482cc13200,7.28,,961.45,17.2
698ddb7d903b37482cc13171,8.26,,848.6,21.04
698ddb7d903b37482cc131b9,6.45,,804.82,15.3
698ddb7d903b37482cc131bb,6.42,,872.9,11.91
698ddb7d903b37482cc131c5,7.39,,796.57,16.38
698ddb7d903b37482cc13267,7.98,,1315.3,20.77
698ddb7d903b37482cc1329f,7.39,,947.05,17.36
698ddb7d903b37482cc132e4,6.66,,922.17,15.86
698ddb7d903b37482cc13238,7.13,,940.32,15.57
698ddb7d903b37482cc13264,8.12,,1177.5,19.5
698ddb7d903b37482cc13193,7.39,,927.71,15.69
698ddb7d903b37482cc131bc,7.2,,798.21,17.57
698ddb7d903b37482cc131c3,6.79,,792.19,15.16
698ddb7d903b37482cc131f8,7.13,,1060.36,15.72
698ddb7d903b37482cc132c6,7.84,,997.11,18.37
698ddb7d903b37482cc13271,8.48,,1161.76,19.19
698ddb7d903b37482cc13168,9.06,,813.51,21.93
698ddb7d903b37482cc13194,7.44,,914.95,16.23
698ddb7d903b37482cc131b3,9.54,,1120.57,21.9
698ddb7d903b37482cc131fa,7.63,,1059.13,17.53
698ddb7d903b37482cc131df,7.21,,959.37,17.17
698ddb7d903b37482cc131af,6.18,,860.45,13.56
698ddb7d903b37482cc13237,6.51,,872.85,11.69
698ddb7d903b37482cc1338b,11.75,,1084.88,27.48
698ddb7d903b37482cc133d4,9.76,,1266.19,22.5
698ddb7d903b37482cc13369,12.7,,1039.13,31.83
698ddb7d903b37482cc133f4,12.04,,1065.7,31.78
698ddb7d903b37482cc132cd,7.07,,824.4,17.84
698ddb7d903b37482cc13188,6.66,,1008.8,12.47
698ddb7d903b37482cc13176,8.11,,935.15,21.09
698ddb7d903b37482cc131b8,6.49,,802.67,13.56
698ddb7d903b37482cc13202,7.94,,906.78,16.04
698ddb7d903b37482cc13298,7.11,,972.17,13.44
698ddb7d903b37482cc1321f,6.86,,878.98,15.75
698ddb7d903b37482cc13357,7.15,,922.72,13.79
698ddb7d903b37482cc13402,8.36,,977.77,19.05
698ddb7d903b37482cc132ba,8.05,,1099.23,21.23
698ddb7d903b37482cc13198,10.54,,862.56,19.59
698ddb7d903b37482cc131e2,12.3,,1341.56,30.57
698ddb7d903b37482cc131fb,6.89,,1054.82,12.4
698ddb7d903b37482cc13273,8.32,,1045.05,14.84
698ddb7d903b37482cc132be,7.59,,995.57,17.23
698ddb7d903b37482cc131de,6.87,,938.27,15.36
698ddb7d903b37482cc1326f,7.35,,961.07,17.58
698ddb7d903b37482cc132de,11.11,,1047.43,17.51
698ddb7d903b37482cc132e0,10.86,,1033.62,17.13
698ddb7d903b37482cc13187,7.67,,1011.92,18.9
698ddb7d903b37482cc131b2,6.69,,863.61,14.36
698ddb7d903b37482cc1322a,10.89,,817.01,19.89
698ddb7d903b37482cc1326d,8.57,,1258.94,17.73
698ddb7d903b37482cc132c3,9.25,,1024.88,16.55
698ddb7d903b37482cc13359,14.7,,801.42,39.1
698ddb7d903b37482cc13360,11.81,,1005.8,25.68
698ddb7d903b37482cc1337e,11.41,,980.36,27.95
698ddb7d903b37482cc133ef,9.63,,955.37,24.34
698ddb7d903b37482cc13467,8.84,,1213.95,14.36
