polymer_id,Rg_md,Tg_md,density_md,end_to_end_md
698ddceeb7014ee539b3ac4a,6.69,,883.2,11.98
698ddceeb7014ee539b3ac30,8.88,,880.9,21.51
698ddceeb7014ee539b3ac16,7.03,,941.04,16.65
698ddceeb7014ee539b3abf5,8.12,,862.33,16.71
698ddceeb7014ee539b3acce,7.72,,1132.26,16.06
698ddceeb7014ee539b3acdb,7.36,,1059.13,16.29
698ddceeb7014ee539b3ac84,7.05,,932.01,15.62
698ddceeb7014ee539b3ac47,7.2,,1016.65,18.49
698ddceeb7014ee539b3aca1,8.38,,1522.51,18.44
698ddceeb7014ee539b3accb,7.24,,947.87,16.23
698ddceeb7014ee539b3aceb,10.76,,977.21,26.0
698ddceeb7014ee539b3ac98,8.08,,1228.32,19.33
698ddceeb7014ee539b3ac29,10.17,,1677.16,22.39
698ddceeb7014ee539b3ac31,7.29,,915.82,18.63
698ddceeb7014ee539b3acaa,7.95,,1135.89,17.68
698ddceeb7014ee539b3ac09,11.43,,1009.87,28.56
698ddceeb7014ee539b3ac81,7.5,,1034.19,19.27
698ddceeb7014ee539b3ac42,8.6,,1134.34,22.89
698ddceeb7014ee539b3ac01,7.43,,946.96,17.06
698ddceeb7014ee539b3acbd,6.98,,919.64,15.42
698ddceeb7014ee539b3ac08,7.42,,972.87,19.06
698ddceeb7014ee539b3ac6a,6.78,,899.8,14.54
698ddceeb7014ee539b3ac88,7.08,,1030.96,18.41
698ddceeb7014ee539b3ac03,8.01,,1066.89,18.74
698ddceeb7014ee539b3aca0,7.49,,1130.11,17.7
698ddceeb7014ee539b3ac04,8.14,,843.76,19.34
698ddceeb7014ee539b3acb5,8.37,,1314.55,19.73
698ddceeb7014ee539b3acb7,8.35,,1277.77,18.73
698ddceeb7014ee539b3ac7c,8.53,,1133.63,21.71
698ddceeb7014ee539b3ac0e,11.0,,1046.66,28.14
698ddceeb7014ee539b3ac1c,6.76,,953.48,15.4
698ddceeb7014ee539b3ac52,6.86,,951.91,16.18
698ddceeb7014ee539b3abeb,7.23,,930.79,12.09
698ddceeb7014ee539b3abff,6.83,,870.76,15.54
698ddceeb7014ee539b3abfe,11.36,,1098.71,27.19
698ddceeb7014ee539b3ac3a,6.65,,968.47,15.6
698ddceeb7014ee539b3aca2,8.06,,1115.05,18.38
698ddceeb7014ee539b3ac7e,9.85,,1180.0,23.18
698ddceeb7014ee539b3acc0,8.51,,1314.03,20.03
698ddceeb7014ee539b3acd8,7.58,,1059.53,16.8
698ddceeb7014ee539b3abf6,8.1,,851.1,20.48
698ddceeb7014ee539b3ac58,7.04,,986.1,17.48
698ddceeb7014ee539b3ac64,6.97,,983.06,18.12
698ddceeb7014ee539b3ac1a,10.7,,1189.1,28.57
698ddceeb7014ee539b3abfd,9.29,,990.43,22.7
698ddceeb7014ee539b3ac24,6.87,,901.15,15.19
698ddceeb7014ee539b3ac63,7.52,,983.15,15.75
698ddceeb7014ee539b3ac78,7.37,,1112.75,17.47
698ddceeb7014ee539b3ac7f,9.19,,1134.88,17.63
698ddceeb7014ee539b3ac19,9.1,,835.99,22.9
698ddceeb7014ee539b3ac36,7.71,,1046.99,20.27
698ddceeb7014ee539b3ac2f,7.13,,967.7,17.04
698ddceeb7014ee539b3ac72,7.46,,999.96,18.2
698ddceeb7014ee539b3ac1d,6.77,,823.56,15.69
698ddceeb7014ee539b3ac22,7.21,,892.79,18.81
698ddceeb7014ee539b3ac23,7.88,,1096.42,20.51
698ddceeb7014ee539b3ac4f,7.72,,1139.3,15.12
698ddceeb7014ee539b3ac82,7.47,,1174.46,19.11
698ddceeb7014ee539b3ac0a,8.24,,913.37,16.99
698ddceeb7014ee539b3ac6f,7.49,,1010.6,16.93
698ddceeb7014ee539b3ac99,7.07,,964.74,16.75
698ddceeb7014ee539b3ac9a,7.07,,938.4,14.81
698ddceeb7014ee539b3ac10,7.19,,891.36,18.13
698ddceeb7014ee539b3ac20,11.35,,1076.05,26.46
698ddceeb7014ee539b3ac07,7.95,,939.89,18.18
698ddceeb7014ee539b3ac0d,6.87,,818.58,16.43
698ddceeb7014ee539b3ac39,7.65,,1085.6,19.63
698ddceeb7014ee539b3ac6b,7.1,,1001.83,15.66
698ddceeb7014ee539b3ac87,6.7,,870.69,14.64
698ddceeb7014ee539b3abec,12.05,,957.7,31.2
698ddceeb7014ee539b3ac21,7.55,,1015.33,19.4
698ddceeb7014ee539b3ac59,7.03,,818.24,16.95
698ddceeb7014ee539b3aca6,7.56,,1074.59,17.18
698ddceeb7014ee539b3ac12,7.01,,817.29,17.63
698ddceeb7014ee539b3abfb,12.44,,914.64,31.44
698ddceeb7014ee539b3ac46,6.78,,953.48,16.47
698ddceeb7014ee539b3ac94,7.64,,1005.22,18.63
698ddceeb7014ee539b3aca8,7.21,,953.89,20.15
698ddceeb7014ee539b3ac3e,7.51,,1108.47,19.0
698ddceeb7014ee539b3ac60,6.97,,992.73,16.71
698ddceeb7014ee539b3ac75,6.49,,887.42,13.47
698ddceeb7014ee539b3ac97,7.38,,977.26,18.23
698ddceeb7014ee539b3abfa,12.33,,892.81,30.44
698ddceeb7014ee539b3ac3d,7.18,,997.25,18.75
698ddceeb7014ee539b3ac3b,6.58,,959.44,9.2
698ddceeb7014ee539b3ac8b,8.26,,1183.93,19.84
698ddceeb7014ee539b3ac15,7.5,,831.46,19.17
698ddceeb7014ee539b3ac1b,13.48,,1488.52,33.56
698ddceeb7014ee539b3ac8e,8.03,,1241.18,18.41
698ddceeb7014ee539b3ac2a,6.99,,994.81,16.8
698ddceeb7014ee539b3ac9b,6.63,,1004.97,15.46
698ddceeb7014ee539b3ac9e,8.18,,1077.71,21.56
698ddceeb7014ee539b3ac86,7.86,,1056.96,21.58
698ddceeb7014ee539b3ac5d,7.74,,1040.48,20.21
698ddceeb7014ee539b3ac32,9.29,,1112.46,24.99
698ddceeb7014ee539b3ac43,6.87,,821.41,16.52
698ddceeb7014ee539b3ac44,9.65,,1219.6,24.47
698ddceeb7014ee539b3ac4e,7.2,,993.11,18.49
698ddceeb7014ee539b3aca5,7.18,,955.61,16.53
698ddceeb7014ee539b3ac2b,6.85,,820.45,16.11
698ddceeb7014ee539b3ac57,7.54,,995.37,17.13
698ddceeb7014ee539b3acb6,7.41,,939.81,19.56
698ddceeb7014ee539b3acc3,7.38,,985.59,18.01
698ddceeb7014ee539b3ac25,7.36,,944.39,16.25
698ddceeb7014ee539b3acb2,7.65,,1185.02,17.5
698ddceeb7014ee539b3ac38,9.58,,1163.45,25.23
698ddceeb7014ee539b3ac85,10.18,,1216.51,22.06
698ddceeb7014ee539b3ac62,7.05,,972.68,17.56
698ddceeb7014ee539b3ac33,10.24,,1290.17,24.46
698ddceeb7014ee539b3ac77,12.08,,1349.83,28.83
698ddceeb7014ee539b3ac80,7.11,,925.21,15.62
698ddceeb7014ee539b3abf0,7.18,,956.21,13.53
698ddceeb7014ee539b3abf2,14.19,,990.59,34.52
698ddceeb7014ee539b3ac95,10.92,,1104.89,27.09
698ddceeb7014ee539b3acc2,7.09,,976.01,16.66
698ddceeb7014ee539b3abfc,11.66,,1117.81,28.08
698ddceeb7014ee539b3ac76,6.49,,905.81,14.26
698ddceeb7014ee539b3abf1,13.68,,825.34,35.79
698ddceeb7014ee539b3ac53,7.94,,1071.37,15.32
698ddceeb7014ee539b3ac83,6.54,,911.03,14.61
698ddceeb7014ee539b3ac11,7.12,,819.52,17.47
698ddceeb7014ee539b3abef,7.73,,872.46,17.61
698ddceeb7014ee539b3ac02,7.09,,880.03,16.71
698ddceeb7014ee539b3ac06,12.15,,1072.28,30.19
698ddceeb7014ee539b3ac0c,7.29,,1018.42,18.56
698ddceeb7014ee539b3ac18,7.48,,1051.8,19.43
698ddceeb7014ee539b3aca7,9.66,,1213.26,21.79
698ddceeb7014ee539b3ac26,7.35,,1013.33,18.55
698ddceeb7014ee539b3ac05,7.36,,961.3,17.04
698ddceeb7014ee539b3acef,8.84,,1009.28,22.52
698ddceeb7014ee539b3aca3,8.57,,1334.76,19.76
698ddceeb7014ee539b3ac17,10.6,,1093.04,26.28
698ddceeb7014ee539b3ac2d,9.87,,1296.98,23.31
698ddceeb7014ee539b3ac92,7.1,,972.01,15.33
698ddceeb7014ee539b3aca4,6.97,,952.66,17.9
698ddceeb7014ee539b3ac37,7.25,,934.08,11.22
698ddceeb7014ee539b3acbc,8.64,,1322.83,18.32
698ddceeb7014ee539b3acc7,7.74,,1038.1,14.69
698ddceeb7014ee539b3ac00,7.48,,883.51,19.47
698ddceeb7014ee539b3ac27,7.93,,926.79,21.04
698ddceeb7014ee539b3acae,8.32,,1179.45,18.5
698ddb7d903b37482cc131e0,7.35,,971.96,18.42
698ddb7d903b37482cc1323c,6.61,,943.73,13.51
698ddb7d903b37482cc132cd,7.15,,830.57,18.51
698ddb7d903b37482cc13170,7.0,,992.81,14.82
698ddb7d903b37482cc13193,7.49,,962.18,15.83
698ddb7d903b37482cc131bc,7.09,,818.3,17.18
698ddb7d903b37482cc131c3,6.84,,818.06,15.46
698ddb7d903b37482cc131f8,7.11,,1081.86,15.76
698ddb7d903b37482cc13245,6.07,,900.72,11.39
698ddb7d903b37482cc13272,8.01,,1117.71,18.08
698ddb7d903b37482cc132a1,7.35,,934.24,16.1
698ddb7d903b37482cc132a9,11.17,,874.12,19.23
698ddb7d903b37482cc1316b,8.02,,1018.39,19.07
698ddb7d903b37482cc1317f,6.7,,991.35,14.62
698ddb7d903b37482cc13189,7.95,,1092.24,19.2
698ddb7d903b37482cc131c4,7.21,,821.8,15.78
698ddb7d903b37482cc131c6,7.48,,824.92,15.3
698ddb7d903b37482cc131cf,7.94,,894.04,15.19
698ddb7d903b37482cc131dc,6.76,,972.02,13.31
698ddb7d903b37482cc13268,7.23,,1061.53,15.26
698ddb7d903b37482cc1326a,7.17,,956.09,16.25
698ddb7d903b37482cc132ba,7.75,,1105.22,19.05
698ddb7d903b37482cc132ef,6.91,,1045.8,15.3
698ddb7d903b37482cc13173,7.26,,832.86,17.69
698ddb7d903b37482cc131bf,6.84,,887.26,13.33
698ddb7d903b37482cc131d3,6.9,,968.5,12.93
698ddb7d903b37482cc131e7,8.98,,1183.55,19.64
698ddb7d903b37482cc1323a,8.47,,1327.11,19.68
698ddb7d903b37482cc1326b,8.06,,1129.12,18.8
698ddb7d903b37482cc13277,7.83,,1042.33,15.46
698ddb7d903b37482cc13295,7.01,,931.9,14.75
698ddb7d903b37482cc132e3,8.57,,916.11,19.6
698ddb7d903b37482cc13180,8.12,,1329.96,16.91
698ddb7d903b37482cc13181,8.75,,1161.35,21.51
698ddb7d903b37482cc13188,6.72,,1019.62,12.66
698ddb7d903b37482cc131b5,6.42,,815.93,15.8
698ddb7d903b37482cc131b7,6.38,,828.83,14.37
698ddb7d903b37482cc131f9,6.7,,1048.74,12.77
698ddb7d903b37482cc13200,7.33,,993.59,16.76
698ddb7d903b37482cc13203,8.62,,925.56,16.99
698ddb7d903b37482cc13247,7.38,,1073.11,18.11
698ddb7d903b37482cc132a5,9.05,,895.44,18.1
698ddb7d903b37482cc132c6,7.83,,1008.11,18.4
698ddb7d903b37482cc132da,6.52,,886.96,15.36
698ddb7d903b37482cc13169,7.77,,847.04,19.99
698ddb7d903b37482cc13171,8.25,,851.82,21.19
698ddb7d903b37482cc13179,7.61,,983.9,18.99
698ddb7d903b37482cc13198,10.19,,891.66,18.88
698ddb7d903b37482cc131b6,6.74,,819.86,15.38
698ddb7d903b37482cc131ca,8.76,,825.3,16.49
698ddb7d903b37482cc131e2,12.4,,1351.65,27.94
698ddb7d903b37482cc131fb,6.86,,1070.76,11.93
698ddb7d903b37482cc13249,8.18,,1203.8,18.99
698ddb7d903b37482cc13273,8.25,,1055.18,15.23
698ddb7d903b37482cc132a2,7.74,,919.33,14.66
698ddb7d903b37482cc132be,7.67,,1007.11,17.93
698ddb7d903b37482cc13167,8.07,,827.18,19.44
698ddb7d903b37482cc13176,8.36,,948.61,21.93
698ddb7d903b37482cc131b8,6.45,,824.48,13.38
698ddb7d903b37482cc131f3,6.19,,951.06,10.95
698ddb7d903b37482cc131f4,6.64,,969.47,13.89
698ddb7d903b37482cc131f7,6.37,,1021.38,12.81
698ddb7d903b37482cc13202,7.92,,937.95,16.31
698ddb7d903b37482cc13223,7.04,,856.41,17.13
698ddb7d903b37482cc13232,8.86,,1113.71,22.48
698ddb7d903b37482cc13248,8.56,,1321.37,20.17
698ddb7d903b37482cc13298,7.18,,983.04,13.47
698ddb7d903b37482cc1329a,7.36,,963.9,11.66
698ddb7d903b37482cc132b6,8.7,,1173.54,20.06
698ddb7d903b37482cc132bb,7.84,,1062.83,19.77
698ddb7d903b37482cc132c4,8.01,,1038.94,15.92
698ddb7d903b37482cc132ce,8.5,,823.21,20.93
698ddb7d903b37482cc131b9,6.49,,826.29,14.98
698ddb7d903b37482cc131bb,6.46,,887.08,12.33
698ddb7d903b37482cc131c5,7.32,,823.89,15.85
698ddb7d903b37482cc131ce,11.05,,825.77,20.5
698ddb7d903b37482cc131d5,7.39,,989.08,15.09
698ddb7d903b37482cc13201,7.37,,958.03,15.22
698ddb7d903b37482cc13265,7.5,,1126.39,16.41
698ddb7d903b37482cc13267,7.91,,1333.23,19.98
698ddb7d903b37482cc13271,8.25,,1180.8,18.17
698ddb7d903b37482cc1329f,7.36,,958.68,17.35
698ddb7d903b37482cc132e4,6.65,,936.51,16.07
698ddb7d903b37482cc13168,9.24,,830.09,22.63
698ddb7d903b37482cc13192,7.32,,975.26,15.72
698ddb7d903b37482cc13294,6.93,,921.0,14.26
698ddb7d903b37482cc132a4,8.83,,898.36,17.05
698ddb7d903b37482cc132bf,7.57,,981.59,13.8
698ddb7d903b37482cc132c3,9.21,,1055.34,16.12
698ddb7d903b37482cc132d1,12.19,,829.62,28.94
698ddb7d903b37482cc132e1,10.83,,1039.68,7.56
698ddb7d903b37482cc1317d,7.21,,947.69,18.89
698ddb7d903b37482cc13190,7.4,,1051.8,17.33
698ddb7d903b37482cc131b0,6.75,,889.88,14.9
698ddb7d903b37482cc131c1,6.8,,811.78,13.43
698ddb7d903b37482cc131c8,8.18,,825.95,15.29
698ddb7d903b37482cc131cd,10.05,,826.89,18.68
698ddb7d903b37482cc131dd,6.72,,955.62,13.37
698ddb7d903b37482cc131fc,6.81,,1056.47,13.63
698ddb7d903b37482cc1321e,6.95,,911.71,16.77
698ddb7d903b37482cc1322b,8.53,,1212.77,20.05
698ddb7d903b37482cc1322c,7.33,,1034.93,17.79
698ddb7d903b37482cc13244,6.57,,907.91,12.47
698ddb7d903b37482cc13269,7.88,,1306.77,16.03
698ddb7d903b37482cc1329e,7.06,,1018.58,13.3
698ddb7d903b37482cc132a6,9.61,,889.25,18.01
698ddb7d903b37482cc132c0,7.73,,994.02,16.85
698ddb7d903b37482cc132e2,8.94,,916.88,19.91
698ddb7d903b37482cc1316d,8.31,,1080.58,20.33
698ddb7d903b37482cc1316f,7.86,,1047.54,19.97
698ddb7d903b37482cc1317c,9.42,,1064.53,23.77
698ddb7d903b37482cc1317e,7.03,,974.0,16.99
698ddb7d903b37482cc13195,8.41,,915.54,17.54
698ddb7d903b37482cc131b1,6.52,,893.87,14.45
698ddb7d903b37482cc13222,7.87,,930.83,20.37
698ddb7d903b37482cc132a7,9.92,,880.13,18.06
698ddb7d903b37482cc132b7,8.16,,1118.33,19.14
698ddb7d903b37482cc132c1,7.95,,1086.57,15.37
698ddb7d903b37482cc13165,7.87,,1292.36,16.62
698ddb7d903b37482cc13172,6.72,,967.95,11.73
698ddb7d903b37482cc13177,6.71,,917.38,13.65
698ddb7d903b37482cc131aa,6.95,,970.5,15.27
698ddb7d903b37482cc131bd,6.62,,810.78,13.65
698ddb7d903b37482cc131d4,7.26,,961.08,16.03
698ddb7d903b37482cc131e1,6.98,,1002.41,13.5
698ddb7d903b37482cc131e9,8.57,,1129.33,20.65
698ddb7d903b37482cc131f1,6.22,,950.47,11.77
698ddb7d903b37482cc131ff,7.28,,1001.26,12.49
698ddb7d903b37482cc1321d,6.82,,893.76,16.94
698ddb7d903b37482cc13234,7.24,,979.51,18.33
698ddb7d903b37482cc1324a,7.22,,981.9,17.62
698ddb7d903b37482cc13266,7.56,,1075.37,18.28
698ddb7d903b37482cc1326c,8.87,,1319.0,19.93
698ddb7d903b37482cc1326e,7.14,,947.58,16.36
698ddb7d903b37482cc13276,7.51,,972.66,18.12
698ddb7d903b37482cc13296,7.15,,1002.22,13.56
698ddb7d903b37482cc13299,7.35,,975.27,12.91
698ddb7d903b37482cc132a3,8.29,,904.5,16.04
698ddb7d903b37482cc132d9,6.49,,861.04,14.86
698ddb7d903b37482cc132ee,6.97,,1094.5,12.81
698ddb7d903b37482cc1317a,9.16,,839.1,21.91
698ddb7d903b37482cc13186,7.02,,995.86,16.24
698ddb7d903b37482cc13197,9.78,,895.9,18.6
698ddb7d903b37482cc131a6,6.36,,817.98,16.29
698ddb7d903b37482cc131c0,7.07,,819.81,16.47
698ddb7d903b37482cc131ee,6.2,,954.09,11.0
698ddb7d903b37482cc13221,9.46,,1216.64,21.87
698ddb7d903b37482cc13228,7.32,,907.24,17.04
698ddb7d903b37482cc13235,8.2,,1511.11,17.8
698ddb7d903b37482cc13236,6.69,,935.82,14.0
698ddb7d903b37482cc13239,7.95,,1129.36,17.29
698ddb7d903b37482cc13246,7.09,,943.36,16.27
698ddb7d903b37482cc13270,7.21,,962.34,16.17
698ddb7d903b37482cc132a8,10.78,,878.25,19.42
698ddb7d903b37482cc132bd,7.53,,1029.31,16.53
698ddb7d903b37482cc132f2,11.4,,844.0,28.06
698ddb7d903b37482cc13378,12.12,,892.24,30.8
698ddb7d903b37482cc1338b,12.01,,1117.8,30.6
698ddb7d903b37482cc133a7,11.5,,994.85,26.8
698ddb7d903b37482cc133d4,10.26,,1287.9,25.07
698ddb7d903b37482cc1344d,10.26,,1099.28,21.94
698ddb7d903b37482cc132f7,13.77,,840.46,34.94
698ddb7d903b37482cc13357,7.21,,957.17,14.47
698ddb7d903b37482cc1337d,11.53,,1020.98,29.75
698ddb7d903b37482cc13389,12.08,,956.96,30.27
698ddb7d903b37482cc13353,10.08,,1133.94,24.21
698ddb7d903b37482cc132f6,12.46,,841.76,30.49
698ddb7d903b37482cc13359,13.9,,831.51,35.18
698ddb7d903b37482cc13364,10.6,,932.26,26.21
698ddb7d903b37482cc13356,9.43,,1313.89,22.71
698ddb7d903b37482cc13360,11.73,,1031.12,24.96
698ddb7d903b37482cc13394,10.32,,1188.21,25.7
698ddb7d903b37482cc13369,12.83,,1071.18,31.88
698ddb7d903b37482cc133f4,11.16,,1101.48,26.58
698ddb7d903b37482cc13402,8.27,,991.51,17.76
698ddb7d903b37482cc133d5,11.74,,1073.72,31.04
698ddb7d903b37482cc13354,9.89,,1006.69,27.14
698ddb7d903b37482cc1337e,11.51,,1010.7,29.68
698ddb7d903b37482cc1338a,11.38,,1181.13,26.59
698ddb7d903b37482cc133a6,10.94,,1136.97,23.66
698ddb7d903b37482cc1338e,14.17,,991.32,36.3
698ddb7d903b37482cc132f5,14.0,,848.99,37.73
698ddb7d903b37482cc13358,7.3,,931.46,10.81
698ddb7d903b37482cc1335f,10.47,,1125.05,24.93
698ddb7d903b37482cc133ef,9.31,,991.24,22.36
698ddb7d903b37482cc13467,9.2,,1211.99,17.02
698ddb7d903b37482cc13194,7.44,,947.69,16.06
698ddb7d903b37482cc131b3,10.07,,1131.04,25.12
698ddb7d903b37482cc131be,6.81,,827.46,14.53
698ddb7d903b37482cc131db,6.52,,945.15,13.37
698ddb7d903b37482cc131f0,6.05,,939.4,11.45
698ddb7d903b37482cc131fa,7.53,,1092.0,17.48
698ddb7d903b37482cc13238,7.18,,948.94,16.34
698ddb7d903b37482cc132d0,8.7,,825.32,21.16
698ddb7d903b37482cc132d4,13.51,,1932.96,33.26
698ddb7d903b37482cc132df,11.5,,1058.72,17.0
698ddb7d903b37482cc132e5,12.01,,930.77,31.94
698ddb7d903b37482cc13175,14.04,,1488.27,36.48
698ddb7d903b37482cc131c2,7.28,,882.29,13.25
698ddb7d903b37482cc131de,6.84,,953.49,14.73
698ddb7d903b37482cc13225,6.53,,873.46,14.41
698ddb7d903b37482cc1325a,6.85,,960.7,15.98
698ddb7d903b37482cc1326f,7.32,,971.31,17.32
698ddb7d903b37482cc132de,10.92,,1058.48,15.26
698ddb7d903b37482cc13178,7.4,,944.81,17.32
698ddb7d903b37482cc131a7,6.81,,815.53,16.92
698ddb7d903b37482cc131fd,6.74,,1032.46,11.94
698ddb7d903b37482cc13233,7.55,,1051.55,18.12
698ddb7d903b37482cc13274,7.61,,1051.62,16.66
698ddb7d903b37482cc132cf,9.57,,825.03,24.26
698ddb7d903b37482cc132e6,12.26,,943.7,32.08
698ddb7d903b37482cc13187,7.6,,1038.57,18.47
698ddb7d903b37482cc13196,9.23,,906.05,17.57
698ddb7d903b37482cc131a9,6.32,,817.13,13.61
698ddb7d903b37482cc131af,6.17,,874.47,13.57
698ddb7d903b37482cc131b4,7.47,,833.31,18.17
698ddb7d903b37482cc131c7,7.76,,823.02,15.25
698ddb7d903b37482cc13220,6.7,,951.64,14.6
698ddb7d903b37482cc1322a,10.37,,847.9,18.65
698ddb7d903b37482cc1323b,7.87,,1069.7,18.85
698ddb7d903b37482cc1326d,8.6,,1271.2,17.89
698ddb7d903b37482cc13191,7.28,,1014.06,17.41
698ddb7d903b37482cc131ac,6.3,,865.56,13.82
698ddb7d903b37482cc131cb,9.01,,823.46,17.17
698ddb7d903b37482cc131e8,9.19,,995.96,22.77
698ddb7d903b37482cc13229,8.95,,859.62,16.58
698ddb7d903b37482cc13297,6.99,,921.85,13.71
698ddb7d903b37482cc13199,10.5,,880.02,20.94
698ddb7d903b37482cc131cc,9.41,,823.08,17.27
698ddb7d903b37482cc131df,7.06,,972.48,15.65
698ddb7d903b37482cc13224,6.66,,871.41,12.5
698ddb7d903b37482cc13264,7.84,,1190.79,18.06
698ddb7d903b37482cc132a0,7.38,,944.91,17.15
698ddb7d903b37482cc132e0,10.76,,1043.23,16.36
698ddb7d903b37482cc13174,6.93,,809.88,16.46
698ddb7d903b37482cc1318d,7.39,,1015.21,17.74
698ddb7d903b37482cc131a8,6.93,,820.72,16.7
698ddb7d903b37482cc131ae,6.72,,916.62,14.46
698ddb7d903b37482cc131b2,6.59,,875.13,13.75
698ddb7d903b37482cc131ba,6.89,,897.48,15.48
698ddb7d903b37482cc131c9,8.37,,822.77,14.97
698ddb7d903b37482cc1321f,6.87,,903.54,16.22
698ddb7d903b37482cc13226,6.81,,872.53,13.38
698ddb7d903b37482cc13237,6.52,,886.26,11.73
698ddb7d903b37482cc1324e,7.16,,1191.95,15.47
