polymer_id,Rg,tau,trans,gauche,cis,mean_angle,var_dihedral,circular_var
698ddceeb7014ee539b3abf1,0.6665,10.685,0.760823,0.21090899999999993,0.000321,-5.242399999999885,24050.658488218112,0.3013447739797973
698ddceeb7014ee539b3ac1a,0.6859,46.085,0.44277699999999987,0.4039070000000003,0.014659,-6.915181000000015,16740.950735293023,0.6628597836724825
698ddceeb7014ee539b3ac3e,0.7112,113.79,0.318267,0.6156190000000001,0.0031729999999999996,21.811674,12198.82896258916,0.9040903175626187
698ddceeb7014ee539b3ac31,0.6395,43.246,0.362822,0.5165230000000002,0.000616,37.634279000000035,13130.348288784095,0.6205403575952466
698ddceeb7014ee539b3ac60,0.7492,96.584,0.47876,0.468613,0.001646,12.474934999999949,16327.587467254965,0.6649649718308623
698ddceeb7014ee539b3ac2d,0.6176,78.97,0.5630400000000002,0.36883500000000013,0.0014680000000000001,5.520810999999966,19118.07392074086,0.5325084155543685
698ddceeb7014ee539b3ac62,0.608,47.504,0.33147699999999997,0.38723599999999986,0.0005979999999999999,-17.73603599999998,14939.086126982767,0.6668140831799519
698ddceeb7014ee539b3ac75,0.6668,66.632,0.2794,0.5210999999999999,0.0017000000000000014,-21.079620000000013,13132.625703538615,0.7396319681051009
698ddceeb7014ee539b3ac8e,0.6283,114.89,0.5502899999999998,0.39770700000000003,0.0013489999999999995,-23.870521000000053,17778.297002414703,0.5526441737261248
698ddceeb7014ee539b3ac9b,0.8002,169.07,0.42453099999999994,0.5180870000000001,0.004850999999999999,-11.806282000000033,14785.365292554521,0.7729911750340084
698ddceeb7014ee539b3ac16,0.7664,189.6,0.43350000000000005,0.42314700000000016,0.0016159999999999998,-8.60366200000001,16381.752736048875,0.6212787101080579
698ddceeb7014ee539b3aca3,0.4726,33.851,0.390647,0.39170800000000006,8.7e-05,-9.311998000000013,16508.868074810536,0.6222625726323677
698ddceeb7014ee539b3ac17,0.7589,60.775,0.5063369999999999,0.3691719999999998,0.013687,0.5722439999999867,18164.043407121764,0.6059917068915512
698ddceeb7014ee539b3ac97,0.6721,68.092,0.3135599999999999,0.48273999999999995,0.08132,-0.8239199999999631,13217.010411003845,0.8398344689991668
698ddceeb7014ee539b3ac4a,0.7037,81.156,0.40157600000000016,0.42955700000000013,0.011764999999999998,-7.357775999999975,15928.823964485606,0.699092413491097
698ddceeb7014ee539b3acef,1.5342,183.25,0.47127399999999997,0.11416499999999992,0.35484400000000005,-11.575796999999948,15766.314257536622,0.886674098122061
698ddceeb7014ee539b3ac03,0.5581,35.281,0.3502980000000002,0.4480150000000002,0.0017510000000000006,-6.411273000000057,15146.423819796313,0.715718955284756
698ddceeb7014ee539b3ac20,0.7706,72.317,0.527495,0.35443500000000006,0.009753000000000001,3.8570569999999376,18712.034877459784,0.5683515231050877
698ddceeb7014ee539b3ac25,0.8128,163.75,0.6253200000000002,0.3115600000000001,0.004967,25.778270000000028,19583.53043731602,0.468566564347356
698ddceeb7014ee539b3ac29,0.7339,72.01,0.614387,0.3520860000000001,0.002675,15.609232000000002,18897.705970900075,0.5508108462620223
698ddceeb7014ee539b3ac92,0.6249,71.242,0.406739,0.473196,0.0036439999999999997,-2.662558000000013,15645.581314909216,0.7464711970586024
698ddceeb7014ee539b3ac77,0.6295,27.258,0.69006,0.27487899999999993,0.000438,-12.69161500000007,22107.977756632186,0.40129309438374716
698ddceeb7014ee539b3ac80,0.8989,75.317,0.5586390000000001,0.279911,0.07322300000000002,1.9652940000000076,19161.82909310579,0.5863203598424769
698ddceeb7014ee539b3ac3d,0.6826,115.23,0.5249149999999999,0.4380029999999999,0.001673,12.501268999999986,17610.700242809104,0.6239634126006778
698ddceeb7014ee539b3aca4,0.7542,102.66,0.5460060000000002,0.39529400000000003,0.0008780000000000001,-5.293171000000043,18135.11738489626,0.5790741604294719
698ddceeb7014ee539b3ac07,0.8634,182.24,0.576347,0.257469,0.00043799999999999997,-13.947351000000118,20065.590768526723,0.45383854915893407
698ddceeb7014ee539b3abfa,0.7027,52.195,0.6720639999999999,0.28312699999999996,0.00043999999999999985,-5.662339999999988,21864.397491080425,0.4116878860060609
698ddceeb7014ee539b3ac0d,0.6391,48.539,0.43046000000000006,0.38456000000000007,0.00064,11.796839999999996,16817.08432998445,0.6191676183002721
698ddceeb7014ee539b3ac2a,0.6715,111.54,0.3919389999999999,0.40790999999999994,0.000438,-42.51338700000005,14308.31062722394,0.45826184059373243
698ddceeb7014ee539b3ac53,1.3947,76.565,0.8395020000000001,0.018489000000000002,0.016301999999999997,19.639778000000035,27014.644383056282,0.08943806975064705
698ddceeb7014ee539b3ac84,0.8421,74.127,0.46999899999999994,0.30085700000000004,0.07613400000000003,4.5003040000000105,17528.084793810747,0.6268583837862434
698ddceeb7014ee539b3aca0,0.6304,65.999,0.470959,0.41543099999999983,0.044063000000000005,-5.530132999999971,16616.43518472676,0.7092789110729701
698ddceeb7014ee539b3ac32,0.6054,37.017,0.3776159999999999,0.46153100000000025,0.001379,7.961342000000011,15251.931502903397,0.7083392572824104
698ddceeb7014ee539b3abfe,0.4987,10.325,0.4857039999999999,0.3961529999999999,0.0038600000000000006,-4.031428999999973,17564.88587498105,0.6277813772479534
698ddceeb7014ee539b3ac39,0.5916,54.791,0.444526,0.47605400000000025,0.000175,-25.778607999999966,15576.766792477129,0.7111425699987711
698ddceeb7014ee539b3ac24,0.6239,59.93,0.373028,0.4357690000000001,0.000292,-25.541289999999993,14821.792824454371,0.5753223599215382
698ddceeb7014ee539b3ac6b,0.62,69.267,0.26213999999999993,0.4631,0.04111999999999999,-2.7726399999999716,13100.112831425968,0.8397575142229737
698ddceeb7014ee539b3ac2f,0.7768,186.19,0.6287639999999999,0.324943,0.0008489999999999999,32.44532900000004,18867.33293438637,0.4247516633971672
698ddceeb7014ee539b3ac9e,0.6052,61.633,0.549384,0.414763,0.004289999999999999,12.503605000000015,17644.289307145853,0.6240875265501146
698ddceeb7014ee539b3ac3a,0.7192,175.51,0.404768,0.568972,0.000615,23.301926999999985,13481.285545250415,0.8270239452133714
698ddceeb7014ee539b3acaa,0.6317,93.277,0.3750009999999998,0.40106400000000003,0.0012190000000000005,10.632201000000052,15866.765095693208,0.6809445688315863
698ddceeb7014ee539b3ac42,0.5693,45.041,0.4026160000000001,0.5184130000000001,0.0005859999999999997,-4.807241999999998,15012.774734814815,0.7804630991260362
698ddceeb7014ee539b3acb5,0.7269,76.167,0.5088299999999997,0.30444899999999986,0.04362900000000001,-10.863266000000047,18217.76500376435,0.5769035697869765
698ddceeb7014ee539b3ac46,0.701,126.3,0.401266,0.5535570000000002,0.006909000000000002,-47.657817,11793.117461139473,0.8414181435262387
698ddceeb7014ee539b3acb7,0.6155,89.699,0.39417599999999997,0.4293260000000001,0.045081,2.118444999999931,15328.29291514574,0.7381616490554257
698ddceeb7014ee539b3ac72,0.5794,46.563,0.36971199999999993,0.38492699999999985,0.00026199999999999997,3.8410379999999886,15845.319118498432,0.6012927164225101
698ddceeb7014ee539b3aca2,0.6129,59.778,0.42258699999999993,0.361543,0.045498,-8.407809000000022,16345.294733288196,0.6894697298244834
698ddceeb7014ee539b3ac36,0.6369,71.514,0.374732,0.5790550000000001,0.0007619999999999999,1.5020080000000102,13864.09883281471,0.6216697281146171
698ddceeb7014ee539b3ac3b,0.9135,225.77,0.541716,0.2733039999999999,0.04384400000000002,13.813570999999992,19660.82007139557,0.48699690112577987
698ddceeb7014ee539b3ac41,0.4805,38.96,0.15846999999999997,0.5072330000000002,0.00043799999999999997,16.907713000000044,11602.090886270507,0.8455895720950859
698ddceeb7014ee539b3ac43,0.5795,45.109,0.3412860000000001,0.40887899999999977,0.0007150000000000001,-6.306783999999997,15338.072665410476,0.7088054221842226
698ddceeb7014ee539b3ac44,0.4893,34.551,0.3315290000000001,0.6027939999999997,0.0012919999999999997,-13.37705100000002,12570.064780059532,0.8303857284084036
698ddceeb7014ee539b3ac0e,0.6473,42.749,0.5112289999999999,0.3412900000000001,0.011548,-5.123732999999985,18433.899452262976,0.5659807017593519
698ddceeb7014ee539b3ac4e,0.6518,82.995,0.40758900000000003,0.3945270000000001,0.0038469999999999993,-16.358341000000003,15621.512666001096,0.6649257800594846
698ddceeb7014ee539b3ac87,0.5991,57.756,0.317044,0.4740910000000001,0.0009329999999999999,-7.874971999999989,14290.646118050536,0.7697656480508079
698ddceeb7014ee539b3abfc,0.7388,63.483,0.5665770000000001,0.3087759999999999,0.012181999999999998,-0.1484050000000443,19737.91792597304,0.5159383985399344
698ddceeb7014ee539b3ac63,1.0174,145.86,0.5422559999999998,0.28547800000000007,0.04758900000000001,-22.883030000000083,18653.025689674538,0.5452541507356095
698ddceeb7014ee539b3ac83,0.8356,95.741,0.55286,0.19092000000000006,0.049100000000000005,5.8058599999999885,20193.728036792254,0.46414059304056854
698ddceeb7014ee539b3acb2,0.6727,74.574,0.34667299999999984,0.45973800000000004,0.04389099999999999,-4.484651999999972,14534.782885251603,0.7984571918943604
698ddceeb7014ee539b3ac78,0.6653,99.374,0.5290910000000001,0.38767799999999997,0.002588,-17.68711699999998,17897.59663424424,0.5607969603582068
698ddceeb7014ee539b3aca5,0.7062,62.246,0.40612000000000004,0.38333999999999996,0.044720000000000024,-0.916799999999983,15804.174956966917,0.7194995524572902
698ddceeb7014ee539b3abf0,0.7016,61.02,0.488634,0.3014820000000001,0.0012180000000000001,14.671972000000027,18461.31545883951,0.5267059658590065
698ddceeb7014ee539b3abf2,0.846,20.051,0.7073910000000001,0.2460670000000001,0.00022,-6.6608150000000075,22763.816106970684,0.36390963107414565
698ddceeb7014ee539b3ac09,0.8444,88.557,0.6202110000000001,0.2839099999999999,0.004620000000000002,-1.7584600000000354,21008.626458823663,0.44760374624056787
698ddceeb7014ee539b3ac11,0.5854,33.338,0.32266700000000004,0.46802799999999983,0.000643,13.16674699999999,14218.22436478145,0.7688581043260547
698ddceeb7014ee539b3abfb,0.659,41.649,0.667367,0.2994669999999999,0.000531,-6.519135000000023,21623.53064958566,0.4284551008116634
698ddceeb7014ee539b3ac37,0.8434,86.741,0.5511419999999998,0.312013,0.06798700000000002,-7.340198000000026,18759.952482986122,0.5827029126738839
698ddceeb7014ee539b3abef,0.8262,126.79,0.37808800000000004,0.4562880000000002,0.000438,35.380539000000034,14294.668390643388,0.673044814516095
698ddceeb7014ee539b3ac38,0.5968,41.698,0.3450260000000001,0.5186179999999999,0.0011729999999999996,-10.106466,13973.61767517345,0.8054127402452056
698ddceeb7014ee539b3ac47,0.7348,114.77,0.58685,0.34900299999999995,0.000321,-28.156126999999916,18307.302303528977,0.5230607090426944
698ddceeb7014ee539b3ac02,0.7347,94.248,0.42803,0.48673399999999994,0.0018789999999999996,-15.537326000000013,15512.363639719139,0.6788046094592908
698ddceeb7014ee539b3ac7c,0.5875,50.787,0.432207,0.49608699999999994,0.00043799999999999997,-5.487434000000016,15637.374598347227,0.765554614352136
698ddceeb7014ee539b3ac81,0.8996,97.345,0.5972810000000002,0.22101700000000002,0.046085000000000015,-3.0832279999999743,20708.1167067958,0.4678536409216686
698ddceeb7014ee539b3ac95,3.9213,47.725,0.57374,0.15448700000000007,0.2007019999999999,-0.34289000000001923,19120.212743146116,0.6541783894184725
698ddceeb7014ee539b3ac00,0.6946,83.274,0.506001,0.3334389999999998,0.00035,-13.961849999999977,18285.07893400472,0.56134681718385
698ddceeb7014ee539b3aca1,0.7547,102.14,0.5711939999999998,0.267039,0.044218999999999994,12.984802999999975,19776.67914468713,0.5301783371243796
698ddceeb7014ee539b3acbc,0.7008,93.463,0.40997499999999987,0.3962559999999999,0.048107,-1.1719089999999648,15712.6640588158,0.736000274973029
698ddceeb7014ee539b3acc2,0.6857,60.344,0.46076500000000004,0.38635099999999956,0.047018000000000004,-2.689368999999995,16774.604819574673,0.5974338483495429
698ddceeb7014ee539b3acc7,0.9235,90.941,0.46620799999999984,0.2670000000000001,0.16238799999999998,10.734205000000008,16590.14476272474,0.7369967040684287
698ddceeb7014ee539b3accb,0.6506,91.588,0.4266719999999999,0.31441500000000006,0.08695299999999997,9.999748999999982,16338.521238258363,0.7090002784768361
698ddceeb7014ee539b3abfd,0.564,16.2,0.375867,0.46465199999999995,0.0036750000000000007,-7.597011999999961,15108.551989105497,0.7354623942500707
698ddceeb7014ee539b3ac15,0.6606,23.741,0.4487089999999999,0.41957899999999987,0.0017340000000000003,14.26978099999995,16598.7555925998,0.6575139904182128
698ddceeb7014ee539b3ac06,0.6266,33.803,0.5573050000000002,0.3246580000000001,0.009961000000000003,-5.929092999999977,19464.824000926084,0.5274082055143832
698ddceeb7014ee539b3ac52,0.7858,139.65,0.6018259999999999,0.2842610000000001,0.004554,37.929154999999945,18726.358476180325,0.40628031807231924
698ddceeb7014ee539b3ac0c,0.7398,77.419,0.43891399999999997,0.362792,0.0006999999999999999,-18.925514999999937,16645.21640229863,0.6168437115970093
698ddceeb7014ee539b3ac76,0.5771,42.94,0.31297299999999995,0.380934,0.0009570000000000005,-14.207059000000012,15001.63861207956,0.6706677895945279
698ddceeb7014ee539b3ac18,0.6766,62.015,0.44085100000000005,0.34732599999999997,0.000704,18.51895900000003,16991.41245320425,0.5190887345008424
698ddceeb7014ee539b3ac9a,0.7308,96.571,0.5636509999999999,0.30021500000000007,0.0008299999999999999,-21.018237999999947,19672.915125796095,0.46518455461336816
698ddceeb7014ee539b3ac1c,0.735,134.43,0.5017099999999999,0.2912899999999999,5.8e-05,1.4048780000000476,19032.44707002069,0.4633900000001703
698ddceeb7014ee539b3ac27,0.5617,37.109,0.39438100000000015,0.51126,0.00046899999999999996,-16.18140200000005,14954.126300098298,0.6094037354538528
698ddceeb7014ee539b3ac2b,0.6779,60.087,0.354736,0.43124299999999977,0.001129,-11.913544999999958,15236.251300684027,0.6956883420118378
698ddceeb7014ee539b3ac6f,0.9502,118.92,0.5613670000000001,0.272239,0.046261000000000004,15.89318400000002,19233.416458037827,0.5174502274291672
698ddceeb7014ee539b3ac57,1.0309,119.23,0.6806959999999999,0.163581,0.046303,-7.445910000000041,22538.07730900979,0.3746222271960642
698ddceeb7014ee539b3ac8b,0.7001,69.812,0.516522,0.290502,0.04582699999999999,5.381247999999982,18598.309619743213,0.5780969830990972
698ddceeb7014ee539b3ac94,0.6451,53.473,0.45330200000000004,0.41704500000000005,0.04656,-5.850521000000009,16268.53368605775,0.7234528557557947
698ddceeb7014ee539b3ac86,0.8729,85.54,0.579522,0.26580299999999996,0.04775800000000001,23.053109999999972,19496.807138253007,0.5141262123398257
698ddceeb7014ee539b3aca7,5.7741,61.138,0.8051150000000002,0.097285,0.02091399999999999,-4.069706999999825,25848.168332870096,0.20350799520615803
698ddceeb7014ee539b3acae,0.6595,97.166,0.44947899999999985,0.40065000000000006,0.043938000000000005,-0.8271420000000211,16599.693126673363,0.7048130411427803
698ddceeb7014ee539b3acd8,0.8514,76.499,0.5823719999999999,0.2578310000000001,0.079985,3.220704000000119,19832.75533899963,0.5611597594297362
698ddceeb7014ee539b3ac99,0.6884,83.144,0.4115169999999999,0.29973099999999997,0.08732699999999999,19.988462000000034,15999.458964736063,0.6975165740098548
698ddceeb7014ee539b3aca8,0.725,75.419,0.4914,0.3093999999999999,0.08110000000000003,-15.600439999999873,17536.599823575965,0.6404567235553084
698ddceeb7014ee539b3acc3,0.6832,76.395,0.4943499999999999,0.3430689999999998,0.05215399999999999,-14.73956599999999,17373.08793965242,0.6200903100497579
698ddceeb7014ee539b3abec,0.6049,23.688,0.613971,0.3412559999999999,0.0007140000000000001,-10.16806299999998,20279.664067252652,0.4924411046721904
698ddceeb7014ee539b3abf5,0.8093,151.45,0.3941510000000001,0.36402900000000016,0.000174,16.859218999999992,16058.707636864381,0.6316562149355263
698ddceeb7014ee539b3ac21,0.6696,72.938,0.484618,0.36888600000000005,0.0008509999999999995,-17.725335999999935,17267.88745867633,0.5892329562359566
698ddceeb7014ee539b3acb6,0.6857,104.57,0.5060800000000001,0.30696,0.08295999999999998,-13.816380000000038,17652.577260021804,0.6513791485550517
698ddceeb7014ee539b3ac26,0.6443,77.921,0.47576399999999996,0.305412,0.000174,-12.95966899999989,18156.975808085102,0.5176407732966968
698ddceeb7014ee539b3ac59,0.5797,33.779,0.24439200000000005,0.520998,0.001184,-15.870237999999976,12506.47183531696,0.8337120371196782
698ddceeb7014ee539b3aceb,1.389,76.501,0.5094999999999997,0.09652699999999995,0.307732,8.434618000000022,17290.865813163302,0.7899817557794722
698ddceeb7014ee539b3ac7e,0.42,17.761,0.288824,0.5623299999999999,0.000496,31.260192999999973,11811.364200496359,0.8633751182988184
698ddceeb7014ee539b3aca6,0.6747,79.769,0.48973799999999995,0.2806950000000001,0.04434800000000002,24.725137999999994,17517.409351925548,0.5075330151734333
698ddceeb7014ee539b3acc0,0.6453,88.839,0.4381959999999998,0.3158249999999999,0.04417500000000001,-12.94548599999995,17154.50681799115,0.6067960256382049
698ddceeb7014ee539b3ac10,0.6293,71.745,0.4870560000000001,0.44996800000000003,0.0009069999999999996,-42.35521800000002,15284.028734298117,0.6424786430669231
698ddceeb7014ee539b3acce,0.6586,107.3,0.2989750000000001,0.459088,0.087673,-11.556801000000004,12861.110902449916,0.804664040522874
698ddceeb7014ee539b3acdb,0.8011,89.907,0.4489,0.30243999999999993,0.08582000000000001,-7.7374799999999855,16777.723856432454,0.6885553197119746
698ddceeb7014ee539b3ac05,0.7521,143.67,0.3742380000000001,0.44270200000000015,0.0007919999999999997,10.989339000000033,15509.711657191723,0.623020461983399
698ddceeb7014ee539b3ac12,0.6458,44.523,0.425352,0.36641600000000013,0.000457,-21.704751999999957,16637.851202502105,0.6032924268372614
698ddceeb7014ee539b3abeb,0.7593,89.363,0.40124999999999994,0.3958170000000002,0.009065000000000002,12.95810799999997,16009.607791722778,0.6829688393109155
698ddceeb7014ee539b3ac1d,0.6771,71.677,0.41762000000000005,0.3798600000000001,0.005840000000000004,6.92270000000001,16714.391881664716,0.6079047898382812
698ddceeb7014ee539b3ac22,0.616,56.642,0.366148,0.5571230000000001,0.001176,11.544281000000009,13794.379240855364,0.8823812981549028
698ddceeb7014ee539b3ac23,0.6075,52.462,0.4323489999999998,0.38614299999999996,0.000176,-19.051830000000074,16343.567665461595,0.6419170581055537
698ddceeb7014ee539b3ac4c,0.5255,68.147,0.326601,0.447975,0.0008949999999999999,8.622522999999987,14492.393098934894,0.7506159954653082
698ddceeb7014ee539b3ac01,0.7746,143.43,0.49067700000000003,0.30741000000000007,0.00229,-11.959196999999946,18472.585089414533,0.5360002648664121
698ddceeb7014ee539b3ac4f,1.0195,68.267,0.48068099999999986,0.34607900000000025,0.014116000000000007,-3.557022000000057,17921.62804986019,0.594582864168899
698ddceeb7014ee539b3ac19,0.5579,14.598,0.4258519999999998,0.4278210000000002,0.0005249999999999999,2.7677259999999944,16398.415868262957,0.6469318369004824
698ddceeb7014ee539b3ac1b,0.659,27.442,0.6415010000000001,0.34782500000000005,0.00035,1.5139590000000385,20743.10348040242,0.5025344142685755
698ddceeb7014ee539b3ac7f,1.4338,60.462,0.53773,0.10157399999999994,0.3382870000000001,14.528679999999877,16614.064682750373,0.8541158735153249
698ddceeb7014ee539b3ac82,0.6416,125.56,0.5186160000000001,0.42473700000000003,0.0018189999999999994,-2.582287999999946,17507.019187009515,0.626128146513556
698ddceeb7014ee539b3ac0a,0.8853,207.96,0.31655700000000003,0.6044959999999996,0.011322,-21.153938999999966,11894.030201594342,0.8889191683879492
698ddceeb7014ee539b3acbd,0.8038,115.07,0.42714799999999997,0.37483300000000014,0.086982,-9.461286999999976,15759.73734513783,0.7585778473933822
698ddceeb7014ee539b3abf6,0.5389,28.901,0.4603480000000001,0.4971780000000002,0.0012319999999999998,-4.308190999999975,15693.21624975426,0.73698011405273
698ddceeb7014ee539b3abff,0.8112,111.55,0.4135900000000001,0.416351,0.004526,-1.8398180000000006,16457.49858988849,0.6678208839265192
698ddceeb7014ee539b3ac08,0.7369,138.34,0.700144,0.20399900000000004,0.000469,-15.108174000000039,22534.319545237853,0.335017151068568
698ddceeb7014ee539b3ac58,0.6883,127.65,0.39203199999999994,0.5637650000000001,0.0028489999999999995,-12.127016999999974,14068.793947151493,0.7825130941535036
698ddceeb7014ee539b3ac5d,0.6228,81.407,0.6303470000000001,0.3274390000000001,0.004023,-1.6582690000000562,20056.282349569054,0.4990770502725218
698ddceeb7014ee539b3ac64,0.6962,113.69,0.6394100000000001,0.331001,0.007848000000000008,4.150398999999988,19676.468202734777,0.5277293627841146
698ddceeb7014ee539b3ac6a,0.6527,64.639,0.40610899999999994,0.386344,0.0012830000000000003,-18.29203000000007,16361.154880052605,0.6209791462821657
698ddceeb7014ee539b3ac88,0.8299,105.18,0.38808799999999993,0.4033180000000004,0.08866900000000003,-12.347723999999946,14708.893776918889,0.7797259051042599
698ddceeb7014ee539b3ac98,0.6361,64.298,0.4278060000000001,0.316352,0.043583,-0.8331120000000314,17154.074281695954,0.6095997139323258